,Supplier_Lead_Time,Inventory_Levels,Order_Frequency,Delivery_Performance,Cost_Per_Unit
Supplier_Lead_Time,1.0,0.25737986432572624,-0.8670960257894668,-0.898740537738883,0.9513921912167641
Inventory_Levels,0.25737986432572624,1.0,-0.1851991752907217,-0.19844838499525969,0.21610356265264086
Order_Frequency,-0.8670960257894668,-0.1851991752907217,1.0,0.7645156384615956,-0.8298151420004447
Delivery_Performance,-0.898740537738883,-0.19844838499525969,0.7645156384615956,1.0,-0.9150565287446462
Cost_Per_Unit,0.9513921912167641,0.21610356265264086,-0.8298151420004447,-0.9150565287446462,1.0
